Date,Open,High,Low,Close,Adj Close,Volume
2021-10-11,7240.0,7290.0,7230.0,7255.0,6765.94287109375,47201000
2021-10-12,7255.0,7320.0,7245.0,7320.0,6826.5615234375,91067000
2021-10-13,7400.0,8250.0,7400.0,7525.0,7017.74169921875,210893300
2021-10-14,7600.0,7900.0,7600.0,7750.0,7227.5751953125,138811900
2021-10-15,7800.0,7875.0,7450.0,7650.0,7134.31640625,142378200
2021-10-18,7650.0,7675.0,7475.0,7525.0,7017.74169921875,116644300
2021-10-19,7475.0,7525.0,7350.0,7500.0,6994.42724609375,134601200
2021-10-21,7500.0,7550.0,7350.0,7400.0,6901.16845703125,106120100
2021-10-22,7450.0,7550.0,7425.0,7525.0,7017.74169921875,96730700
2021-10-25,7400.0,7525.0,7400.0,7525.0,7017.74169921875,60329800
2021-10-26,7600.0,7600.0,7500.0,7525.0,7017.74169921875,70103000
2021-10-27,7575.0,7575.0,7425.0,7450.0,6947.79736328125,57067000
2021-10-28,7350.0,7425.0,7350.0,7375.0,6877.85302734375,75271900
2021-10-29,7450.0,7475.0,7375.0,7475.0,6971.11279296875,60639200
2021-11-01,7550.0,7550.0,7400.0,7400.0,6901.16845703125,38593400
2021-11-02,7375.0,7425.0,7250.0,7300.0,6807.90966796875,90535400
2021-11-03,7300.0,7400.0,7250.0,7350.0,6854.53857421875,61621500
2021-11-04,7425.0,7475.0,7375.0,7375.0,6877.85302734375,61081400
2021-11-05,7475.0,7475.0,7375.0,7450.0,6947.79736328125,43120400
2021-11-08,7500.0,7600.0,7450.0,7575.0,7064.37158203125,85441700
2021-11-09,7600.0,7675.0,7575.0,7675.0,7157.63037109375,101785800
2021-11-10,7675.0,7675.0,7575.0,7650.0,7134.31640625,47503900
2021-11-11,7700.0,7750.0,7600.0,7675.0,7157.63037109375,55790000
2021-11-12,7750.0,7750.0,7525.0,7525.0,7017.74169921875,52590100
2021-11-15,7625.0,7625.0,7500.0,7500.0,6994.42724609375,67344200
2021-11-16,7400.0,7475.0,7325.0,7475.0,6971.11279296875,98616900
2021-11-17,7500.0,7575.0,7425.0,7575.0,7088.0771484375,61968100
2021-11-18,7425.0,7500.0,7400.0,7400.0,6924.32666015625,78839600
2021-11-19,7425.0,7450.0,7375.0,7425.0,6947.7197265625,68203700
2021-11-22,7425.0,7525.0,7400.0,7475.0,6994.505859375,66328300
2021-11-23,7400.0,7500.0,7400.0,7475.0,6994.505859375,43477500
2021-11-24,7575.0,7575.0,7425.0,7475.0,6994.505859375,35181400
2021-11-25,7450.0,7525.0,7425.0,7425.0,6947.7197265625,40216100
2021-11-26,7400.0,7450.0,7250.0,7275.0,6807.36181640625,113288400
2021-11-29,7275.0,7425.0,7175.0,7400.0,6924.32666015625,87907900
2021-11-30,7325.0,7425.0,7275.0,7275.0,6807.36181640625,144923700
2021-12-01,7275.0,7450.0,7275.0,7300.0,6830.7548828125,76538100
2021-12-02,7375.0,7500.0,7300.0,7500.0,7017.8984375,66831000
2021-12-03,7525.0,7525.0,7350.0,7375.0,6900.93310546875,63283700
2021-12-06,7450.0,7475.0,7350.0,7350.0,6877.54052734375,56944100
2021-12-07,7450.0,7475.0,7350.0,7350.0,6877.54052734375,51258200
2021-12-08,7450.0,7475.0,7400.0,7425.0,6947.7197265625,74775000
2021-12-09,7400.0,7450.0,7350.0,7350.0,6877.54052734375,54886400
2021-12-10,7325.0,7375.0,7275.0,7375.0,6900.93310546875,91092400
2021-12-13,7375.0,7400.0,7300.0,7300.0,6830.7548828125,59977100
2021-12-14,7300.0,7375.0,7275.0,7300.0,6830.7548828125,49763600
2021-12-15,7300.0,7375.0,7275.0,7300.0,6830.7548828125,52477600
2021-12-16,7375.0,7400.0,7275.0,7275.0,6807.36181640625,95171400
2021-12-17,7325.0,7500.0,7300.0,7500.0,7017.8984375,107096800
2021-12-20,7350.0,7400.0,7325.0,7375.0,6900.93310546875,74753000
2021-12-21,7325.0,7400.0,7325.0,7375.0,6900.93310546875,52386100
2021-12-22,7425.0,7425.0,7325.0,7325.0,6854.1474609375,33232000
2021-12-23,7325.0,7350.0,7300.0,7300.0,6830.7548828125,37136400
2021-12-24,7300.0,7350.0,7300.0,7300.0,6830.7548828125,30802100
2021-12-27,7300.0,7350.0,7300.0,7350.0,6877.54052734375,20722100
2021-12-28,7375.0,7400.0,7325.0,7350.0,6877.54052734375,39343800
2021-12-29,7350.0,7375.0,7300.0,7300.0,6830.7548828125,42079500
2021-12-30,7350.0,7350.0,7300.0,7300.0,6830.7548828125,49954700
2022-01-03,7325.0,7400.0,7300.0,7325.0,6854.1474609375,54287400
2022-01-04,7325.0,7450.0,7325.0,7400.0,6924.32666015625,70624000
2022-01-05,7450.0,7525.0,7375.0,7450.0,6971.1123046875,76164900
2022-01-06,7500.0,7525.0,7425.0,7475.0,6994.505859375,63657100
2022-01-07,7550.0,7700.0,7500.0,7650.0,7158.2568359375,143433300
2022-01-10,7575.0,7650.0,7550.0,7600.0,7111.47021484375,45351900
2022-01-11,7650.0,7700.0,7625.0,7700.0,7205.04248046875,110334600
2022-01-12,7700.0,7700.0,7650.0,7700.0,7205.04248046875,62606000
2022-01-13,7700.0,7750.0,7650.0,7700.0,7205.04248046875,50025200
2022-01-14,7700.0,7850.0,7650.0,7850.0,7345.400390625,65898700
2022-01-17,7900.0,7900.0,7700.0,7750.0,7251.82861328125,63902600
2022-01-18,7775.0,7775.0,7550.0,7675.0,7181.6494140625,71476300
2022-01-19,7650.0,7725.0,7575.0,7675.0,7181.6494140625,60389700
2022-01-20,7725.0,7775.0,7625.0,7775.0,7275.2216796875,59925500
2022-01-21,7775.0,7950.0,7700.0,7950.0,7438.97216796875,63370500
2022-01-24,7825.0,7850.0,7775.0,7800.0,7298.6142578125,40278300
2022-01-25,7675.0,7775.0,7625.0,7775.0,7275.2216796875,106796900
2022-01-26,7700.0,7750.0,7650.0,7700.0,7205.04248046875,53350200
2022-01-27,7625.0,7800.0,7625.0,7800.0,7298.6142578125,71945100
2022-01-28,7800.0,7825.0,7700.0,7775.0,7275.2216796875,70595000
2022-01-31,7775.0,7775.0,7625.0,7625.0,7134.86376953125,68122000
2022-02-02,7775.0,7800.0,7675.0,7800.0,7298.6142578125,65308100
2022-02-03,7800.0,7825.0,7700.0,7725.0,7228.43505859375,35100600
2022-02-04,7750.0,7800.0,7700.0,7725.0,7228.43505859375,39324700
2022-02-07,7775.0,7800.0,7700.0,7800.0,7298.6142578125,56813200
2022-02-08,7750.0,7850.0,7725.0,7725.0,7228.43505859375,61883100
2022-02-09,7850.0,7950.0,7800.0,7950.0,7438.97216796875,108922200
2022-02-10,7950.0,7950.0,7750.0,7750.0,7251.82861328125,93277000
2022-02-11,7675.0,7825.0,7650.0,7825.0,7322.0078125,71968800
2022-02-14,7750.0,7775.0,7700.0,7700.0,7205.04248046875,57710700
2022-02-15,7750.0,7875.0,7725.0,7875.0,7368.79345703125,55617000
2022-02-16,7850.0,7975.0,7825.0,7975.0,7462.36572265625,77055100
2022-02-17,7850.0,7925.0,7800.0,7900.0,7392.1865234375,48704600
2022-02-18,7950.0,7950.0,7850.0,7925.0,7415.57958984375,56813400
2022-02-21,7925.0,7975.0,7900.0,7950.0,7438.97216796875,43821700
2022-02-22,7900.0,7950.0,7850.0,7900.0,7392.1865234375,80095500
2022-02-23,7900.0,8100.0,7875.0,8050.0,7532.54443359375,99240300
2022-02-24,8125.0,8150.0,7925.0,8000.0,7485.75830078125,124947700
2022-02-25,7950.0,8175.0,7925.0,8050.0,7532.54443359375,135899900
2022-03-01,8000.0,8175.0,8000.0,8050.0,7532.54443359375,136616800
2022-03-02,8225.0,8225.0,7975.0,7975.0,7462.36572265625,100301000
2022-03-04,7975.0,8025.0,7900.0,7900.0,7392.1865234375,132983400
2022-03-07,7800.0,7850.0,7700.0,7700.0,7205.04248046875,130990900
2022-03-08,7700.0,7850.0,7650.0,7650.0,7158.2568359375,119256500
2022-03-09,7700.0,7950.0,7650.0,7850.0,7345.400390625,132814500
2022-03-10,7925.0,7975.0,7800.0,7925.0,7415.57958984375,86484000
2022-03-11,7725.0,7950.0,7725.0,7950.0,7438.97216796875,61053900
2022-03-14,8050.0,8100.0,7950.0,8075.0,7555.9375,78432100
2022-03-15,8150.0,8200.0,8075.0,8150.0,7626.11669921875,111214500
2022-03-16,8275.0,8275.0,8075.0,8200.0,7672.90234375,149761300
2022-03-17,8300.0,8300.0,8000.0,8000.0,7485.75830078125,132439400
2022-03-18,8000.0,8100.0,7900.0,7900.0,7392.1865234375,143981700
2022-03-21,7800.0,7950.0,7800.0,7900.0,7392.1865234375,85485500
2022-03-22,7900.0,7950.0,7875.0,7925.0,7415.57958984375,60010900
2022-03-23,7925.0,7950.0,7825.0,7900.0,7392.1865234375,82208000
2022-03-24,7850.0,7950.0,7800.0,7925.0,7415.57958984375,95245100
2022-03-25,7900.0,7950.0,7900.0,7950.0,7438.97216796875,85101200
2022-03-28,7825.0,7900.0,7800.0,7900.0,7505.4765625,83911500
2022-03-29,7875.0,7900.0,7825.0,7850.0,7457.9736328125,62180600
2022-03-30,7900.0,7900.0,7825.0,7875.0,7481.72509765625,71430600
2022-03-31,7925.0,8000.0,7875.0,7975.0,7576.7314453125,112691900
2022-04-01,8075.0,8075.0,7850.0,7925.0,7529.22802734375,105575400
2022-04-04,7925.0,7925.0,7825.0,7900.0,7505.4765625,57321200
2022-04-05,7900.0,7900.0,7850.0,7900.0,7505.4765625,48528300
2022-04-06,7825.0,7850.0,7750.0,7750.0,7362.9677734375,119263000
2022-04-07,7725.0,7825.0,7700.0,7750.0,7362.9677734375,68619400
2022-04-08,7800.0,7875.0,7775.0,7850.0,7457.9736328125,69791600
2022-04-11,7825.0,7875.0,7725.0,7725.0,7339.2158203125,62776200
2022-04-12,7725.0,7800.0,7700.0,7800.0,7410.47021484375,73471300
2022-04-13,7800.0,7850.0,7750.0,7800.0,7410.47021484375,57622100
2022-04-14,7800.0,7800.0,7700.0,7700.0,7315.46484375,93342900
2022-04-18,7700.0,7725.0,7625.0,7700.0,7315.46484375,68464700
2022-04-19,7700.0,7700.0,7625.0,7625.0,7244.2099609375,98632000
2022-04-20,7725.0,7725.0,7625.0,7650.0,7267.9619140625,124388800
2022-04-21,7800.0,7925.0,7750.0,7925.0,7529.22802734375,129323400
2022-04-22,7850.0,7925.0,7800.0,7875.0,7481.72509765625,85956100
2022-04-25,7875.0,8000.0,7825.0,8000.0,7600.48291015625,91279600
2022-04-26,7925.0,8125.0,7925.0,8125.0,7719.240234375,128360900
2022-04-27,8075.0,8200.0,8075.0,8200.0,7790.49462890625,89463100
2022-04-28,8250.0,8250.0,8075.0,8125.0,7719.240234375,133730600
2022-05-09,7875.0,7900.0,7600.0,7600.0,7220.4580078125,456796600
2022-05-10,7250.0,7600.0,7250.0,7525.0,7149.2041015625,268445700
2022-05-11,7525.0,7700.0,7450.0,7650.0,7267.9619140625,156535200
2022-05-12,7525.0,7550.0,7275.0,7275.0,6911.68896484375,240529600
2022-05-13,7250.0,7475.0,7250.0,7325.0,6959.19189453125,212968600
2022-05-17,7275.0,7475.0,7275.0,7400.0,7030.44677734375,159657600
2022-05-18,7500.0,7575.0,7375.0,7575.0,7196.70654296875,153514300
2022-05-19,7400.0,7475.0,7375.0,7450.0,7077.94921875,140908900
2022-05-20,7425.0,7475.0,7400.0,7400.0,7030.44677734375,86520200
2022-05-23,7450.0,7475.0,7350.0,7375.0,7006.69482421875,71603500
2022-05-24,7325.0,7475.0,7325.0,7350.0,6982.94384765625,108710800
2022-05-25,7400.0,7450.0,7350.0,7375.0,7006.69482421875,76747400
2022-05-27,7525.0,7575.0,7475.0,7575.0,7196.70654296875,84336900
2022-05-30,7575.0,7600.0,7475.0,7575.0,7196.70654296875,105411400
2022-05-31,7600.0,7750.0,7525.0,7750.0,7362.9677734375,286292700
2022-06-02,7625.0,7675.0,7525.0,7575.0,7196.70654296875,149226300
2022-06-03,7600.0,7675.0,7575.0,7600.0,7220.4580078125,80563100
2022-06-06,7550.0,7575.0,7425.0,7450.0,7077.94921875,81140300
2022-06-07,7300.0,7475.0,7300.0,7375.0,7006.69482421875,129242500
2022-06-08,7500.0,7600.0,7425.0,7600.0,7220.4580078125,108910500
2022-06-09,7500.0,7575.0,7500.0,7500.0,7125.4521484375,107828300
2022-06-10,7400.0,7450.0,7350.0,7350.0,6982.94384765625,111768600
2022-06-13,7300.0,7400.0,7275.0,7350.0,6982.94384765625,85539500
2022-06-14,7300.0,7400.0,7250.0,7400.0,7030.44677734375,80865100
2022-06-15,7300.0,7375.0,7300.0,7325.0,6959.19189453125,130367100
2022-06-16,7400.0,7600.0,7375.0,7575.0,7196.70654296875,132666300
2022-06-17,7425.0,7550.0,7425.0,7500.0,7125.4521484375,117839400
2022-06-20,7600.0,7650.0,7500.0,7625.0,7244.2099609375,88138700
2022-06-21,7600.0,7650.0,7550.0,7650.0,7267.9619140625,44295700
2022-06-22,7625.0,7650.0,7500.0,7500.0,7125.4521484375,53041800
2022-06-23,7450.0,7575.0,7450.0,7525.0,7149.2041015625,60443000
2022-06-24,7600.0,7600.0,7475.0,7475.0,7101.701171875,57956600
2022-06-27,7475.0,7500.0,7350.0,7350.0,6982.94384765625,76354100
2022-06-28,7300.0,7400.0,7300.0,7300.0,6935.4404296875,146078100
2022-06-29,7325.0,7400.0,7275.0,7275.0,6911.68896484375,98517800
2022-06-30,7300.0,7400.0,7250.0,7250.0,6887.9375,101343900
2022-07-01,7300.0,7325.0,7250.0,7250.0,6887.9375,68738800
2022-07-04,7250.0,7275.0,7000.0,7050.0,6697.92578125,102238600
2022-07-05,7100.0,7325.0,7100.0,7250.0,6887.9375,69172900
2022-07-06,7300.0,7325.0,7175.0,7300.0,6935.4404296875,66801100
2022-07-07,7225.0,7250.0,7100.0,7100.0,6745.42822265625,86126800
2022-07-08,7125.0,7175.0,7075.0,7150.0,6792.93115234375,64312400
2022-07-11,7200.0,7200.0,7125.0,7125.0,6769.18017578125,36830800
2022-07-12,7175.0,7250.0,7150.0,7175.0,6816.68310546875,34269000
2022-07-13,7100.0,7125.0,7000.0,7000.0,6650.42236328125,71988200
2022-07-14,7025.0,7100.0,7000.0,7025.0,6674.173828125,83316300
2022-07-15,7100.0,7100.0,7000.0,7000.0,6650.42236328125,57419900
2022-07-18,7025.0,7150.0,7025.0,7150.0,6792.93115234375,60077700
2022-07-19,7100.0,7175.0,7100.0,7175.0,6816.68310546875,59641000
2022-07-20,7200.0,7400.0,7175.0,7400.0,7030.44677734375,105792900
2022-07-21,7400.0,7400.0,7250.0,7400.0,7030.44677734375,64337100
2022-07-22,7400.0,7400.0,7300.0,7325.0,6959.19189453125,38956500
2022-07-25,7350.0,7375.0,7300.0,7300.0,6935.4404296875,31247600
2022-07-26,7250.0,7375.0,7250.0,7300.0,6935.4404296875,44379900
2022-07-27,7325.0,7350.0,7275.0,7325.0,6959.19189453125,58465500
2022-07-28,7375.0,7450.0,7325.0,7350.0,6982.94384765625,86909700
2022-07-29,7400.0,7475.0,7350.0,7350.0,6982.94384765625,131553000
2022-08-01,7350.0,7500.0,7350.0,7500.0,7125.4521484375,104841600
2022-08-02,7600.0,7625.0,7500.0,7600.0,7220.4580078125,106466900
2022-08-03,7625.0,7625.0,7575.0,7625.0,7244.2099609375,60170600
2022-08-04,7675.0,7800.0,7650.0,7800.0,7410.47021484375,164221000
2022-08-05,7825.0,7875.0,7725.0,7875.0,7481.72509765625,118734200
2022-08-08,7875.0,7925.0,7750.0,7875.0,7481.72509765625,84328900
2022-08-09,7875.0,7975.0,7875.0,7900.0,7505.4765625,92875800
2022-08-10,7800.0,7900.0,7725.0,7900.0,7505.4765625,104376300
2022-08-11,7850.0,7950.0,7825.0,7950.0,7552.97900390625,73204700
2022-08-12,7925.0,7975.0,7850.0,7925.0,7529.22802734375,59381200
2022-08-15,7950.0,7975.0,7900.0,7950.0,7552.97900390625,81411000
2022-08-16,7950.0,7975.0,7850.0,7975.0,7576.7314453125,83556700
2022-08-18,7900.0,8025.0,7875.0,8000.0,7600.48291015625,86136900
2022-08-19,8050.0,8050.0,7900.0,7900.0,7505.4765625,58194900
2022-08-22,7850.0,8000.0,7825.0,8000.0,7600.48291015625,97293300
2022-08-23,8000.0,8000.0,7900.0,7900.0,7505.4765625,71671800
2022-08-24,7950.0,8025.0,7900.0,7950.0,7552.97900390625,108892400
2022-08-25,8000.0,8100.0,7900.0,8075.0,7671.7373046875,99503500
2022-08-26,8025.0,8125.0,8000.0,8000.0,7600.48291015625,80472400
2022-08-29,8000.0,8150.0,7950.0,8150.0,7742.9921875,57762100
2022-08-30,8100.0,8275.0,8075.0,8175.0,7766.74267578125,124467000
2022-08-31,8075.0,8225.0,8050.0,8200.0,7790.49462890625,137659900
2022-09-01,8150.0,8250.0,8125.0,8150.0,7742.9921875,74960800
2022-09-02,8150.0,8225.0,8150.0,8225.0,7814.24658203125,71430600
2022-09-05,8225.0,8300.0,8200.0,8275.0,7861.7490234375,62906000
2022-09-06,8300.0,8350.0,8250.0,8275.0,7861.7490234375,67079900
2022-09-07,8250.0,8375.0,8250.0,8375.0,7956.75537109375,117931700
2022-09-08,8400.0,8500.0,8350.0,8350.0,7933.00390625,132777400
2022-09-09,8500.0,8500.0,8275.0,8375.0,7956.75537109375,91234600
2022-09-12,8325.0,8425.0,8325.0,8375.0,7956.75537109375,52395300
2022-09-13,8375.0,8575.0,8375.0,8525.0,8099.26416015625,124485200
2022-09-14,8375.0,8650.0,8375.0,8500.0,8075.5126953125,116642400
2022-09-15,8500.0,8875.0,8500.0,8750.0,8313.02734375,190404800
2022-09-16,8700.0,8725.0,8450.0,8450.0,8028.009765625,363127600
2022-09-19,8475.0,8750.0,8450.0,8650.0,8218.0224609375,102530600
2022-09-20,8550.0,8650.0,8550.0,8550.0,8123.015625,89238400
2022-09-21,8525.0,8600.0,8425.0,8475.0,8051.76220703125,90933700
2022-09-22,8375.0,8525.0,8375.0,8475.0,8051.76220703125,61908500
2022-09-23,8375.0,8475.0,8375.0,8375.0,7956.75537109375,60567600
2022-09-26,8200.0,8500.0,8200.0,8425.0,8004.25830078125,106228200
2022-09-27,8375.0,8450.0,8300.0,8300.0,7885.5009765625,89567100
2022-09-28,8250.0,8425.0,8250.0,8325.0,7909.25244140625,89153400
2022-09-29,8325.0,8450.0,8325.0,8375.0,7956.75537109375,62643700
2022-09-30,8375.0,8575.0,8275.0,8550.0,8123.015625,176524800
2022-10-03,8450.0,8525.0,8450.0,8500.0,8075.5126953125,115079600
2022-10-04,8525.0,8625.0,8525.0,8550.0,8123.015625,80524500
2022-10-05,8525.0,8550.0,8425.0,8450.0,8028.009765625,63788000
2022-10-06,8475.0,8500.0,8425.0,8425.0,8004.25830078125,43967400
2022-10-07,8325.0,8375.0,8200.0,8200.0,7790.49462890625,112043400
2022-10-10,8150.0,8375.0,8125.0,8300.0,7885.5009765625,80238200
2022-10-11,8200.0,8300.0,8150.0,8250.0,7837.99755859375,64060000
2022-10-12,8200.0,8325.0,8175.0,8325.0,7909.25244140625,47569700
2022-10-13,8275.0,8375.0,8275.0,8275.0,7861.7490234375,62282800
2022-10-14,8300.0,8350.0,8250.0,8250.0,7837.99755859375,70642900
2022-10-17,8250.0,8300.0,8175.0,8250.0,7837.99755859375,56387500
2022-10-18,8275.0,8475.0,8250.0,8300.0,7885.5009765625,85665300
2022-10-19,8250.0,8350.0,8225.0,8275.0,7861.7490234375,66753500
2022-10-20,8250.0,8500.0,8250.0,8500.0,8075.5126953125,91812300
2022-10-21,8450.0,8725.0,8450.0,8650.0,8218.0224609375,122777800
2022-10-24,8750.0,8900.0,8725.0,8900.0,8455.537109375,89416500
2022-10-25,8825.0,8875.0,8700.0,8700.0,8265.5244140625,84696300
2022-10-26,8625.0,8650.0,8550.0,8550.0,8123.015625,98962100
2022-10-27,8550.0,8700.0,8550.0,8700.0,8265.5244140625,77003400
2022-10-28,8650.0,8750.0,8650.0,8750.0,8313.02734375,84980600
2022-10-31,8850.0,8850.0,8775.0,8800.0,8360.53125,138922800
2022-11-01,9000.0,9000.0,8725.0,8800.0,8360.53125,118118400
2022-11-02,8800.0,8825.0,8725.0,8750.0,8313.02734375,68323600
2022-11-03,8700.0,8825.0,8700.0,8800.0,8360.53125,81856300
2022-11-04,8775.0,8800.0,8675.0,8775.0,8336.7802734375,84458300
2022-11-07,8725.0,8850.0,8675.0,8850.0,8408.03515625,94794000
2022-11-08,8850.0,8875.0,8725.0,8750.0,8313.02734375,42525500
2022-11-09,8675.0,8875.0,8675.0,8875.0,8431.78515625,96599500
2022-11-10,8725.0,8800.0,8725.0,8800.0,8360.53125,89463000
2022-11-11,8900.0,8925.0,8825.0,8850.0,8408.03515625,59597900
2022-11-14,8875.0,8900.0,8750.0,8750.0,8313.02734375,49208200
2022-11-15,8775.0,8850.0,8750.0,8800.0,8360.53125,59092900
2022-11-16,8625.0,8675.0,8550.0,8600.0,8170.5185546875,143424800
2022-11-17,8625.0,8825.0,8600.0,8725.0,8289.2763671875,72679800
2022-11-18,8725.0,8900.0,8725.0,8825.0,8384.2822265625,83556900
2022-11-21,8875.0,8900.0,8725.0,8725.0,8289.2763671875,35901000
2022-11-22,8900.0,8950.0,8850.0,8900.0,8455.537109375,84684200
2022-11-23,8900.0,8975.0,8875.0,8875.0,8431.78515625,84642100
2022-11-24,8975.0,9000.0,8950.0,9000.0,8550.54296875,53520800
2022-11-25,9000.0,9000.0,8900.0,8975.0,8526.791015625,75048300
2022-11-28,9050.0,9100.0,8975.0,9025.0,8574.294921875,96209700
2022-11-29,8975.0,9075.0,8925.0,8975.0,8526.791015625,91562100
2022-11-30,8875.0,9400.0,8850.0,9300.0,8835.560546875,644359600
2022-12-01,9275.0,9350.0,9000.0,9000.0,8550.54296875,155775400
2022-12-02,8900.0,8975.0,8900.0,8900.0,8488.5478515625,130982100
2022-12-05,8800.0,8900.0,8775.0,8775.0,8369.3271484375,114656300
2022-12-06,8725.0,8750.0,8575.0,8675.0,8273.9501953125,180553800
2022-12-07,8500.0,8575.0,8450.0,8450.0,8059.35205078125,229308700
2022-12-08,8375.0,8575.0,8350.0,8500.0,8107.0400390625,172590100
2022-12-09,8500.0,8600.0,8450.0,8575.0,8178.5732421875,90851300
2022-12-12,8525.0,8700.0,8475.0,8700.0,8297.794921875,102851800
2022-12-13,8625.0,8700.0,8550.0,8700.0,8297.794921875,104580200
2022-12-14,8600.0,8700.0,8525.0,8625.0,8226.26171875,118164300
2022-12-15,8575.0,8600.0,8500.0,8500.0,8107.0400390625,113255700
2022-12-16,8425.0,8650.0,8400.0,8600.0,8202.41796875,181516700
2022-12-19,8650.0,8700.0,8600.0,8650.0,8250.10546875,67482900
2022-12-20,8550.0,8650.0,8550.0,8575.0,8178.5732421875,41243700
2022-12-21,8600.0,8700.0,8575.0,8675.0,8273.9501953125,33617700
2022-12-22,8650.0,8675.0,8575.0,8575.0,8178.5732421875,59591500
2022-12-23,8525.0,8575.0,8500.0,8500.0,8107.0400390625,47393000
2022-12-26,8500.0,8625.0,8500.0,8575.0,8178.5732421875,20495900
2022-12-27,8600.0,8650.0,8575.0,8600.0,8202.41796875,27193800
2022-12-28,8650.0,8650.0,8550.0,8650.0,8250.10546875,40420200
2022-12-29,8525.0,8600.0,8500.0,8575.0,8178.5732421875,47020900
2022-12-30,8575.0,8650.0,8550.0,8550.0,8154.7294921875,44681400
2023-01-02,8575.0,8600.0,8500.0,8550.0,8154.7294921875,10653900
2023-01-03,8550.0,8600.0,8525.0,8550.0,8154.7294921875,27399100
2023-01-04,8525.0,8575.0,8350.0,8350.0,7963.97509765625,90918800
2023-01-05,8350.0,8375.0,8150.0,8250.0,7868.59765625,128838500
2023-01-06,8100.0,8325.0,8100.0,8300.0,7916.28662109375,69286600
2023-01-09,8325.0,8450.0,8325.0,8450.0,8059.35205078125,86916900
2023-01-10,8400.0,8425.0,8150.0,8175.0,7797.06494140625,101759100
2023-01-11,8050.0,8150.0,8000.0,8125.0,7749.376953125,96069100
2023-01-12,8150.0,8275.0,8125.0,8175.0,7797.06494140625,103804600
2023-01-13,8150.0,8175.0,8025.0,8050.0,7677.84423828125,119748200
2023-01-16,8050.0,8200.0,8050.0,8150.0,7773.22119140625,105710700
2023-01-17,8175.0,8375.0,8150.0,8325.0,7940.13037109375,88695900
2023-01-18,8200.0,8325.0,8175.0,8300.0,7916.28662109375,96814600
2023-01-19,8350.0,8350.0,8250.0,8325.0,7940.13037109375,66391800
2023-01-20,8275.0,8325.0,8250.0,8300.0,7916.28662109375,96859500
2023-01-24,8300.0,8350.0,8225.0,8225.0,7844.75439453125,42474500
2023-01-25,8300.0,8300.0,8200.0,8200.0,7820.90966796875,66124500
2023-01-26,8225.0,8475.0,8225.0,8475.0,8083.1962890625,77582300
2023-01-27,8700.0,8850.0,8550.0,8700.0,8297.794921875,196804700
2023-01-30,8725.0,8775.0,8575.0,8700.0,8297.794921875,68544300
2023-01-31,8625.0,8675.0,8475.0,8475.0,8083.1962890625,200589000
2023-02-01,8575.0,8575.0,8450.0,8500.0,8107.0400390625,77396200
2023-02-02,8425.0,8525.0,8400.0,8450.0,8059.35205078125,99109500
2023-02-03,8550.0,8700.0,8500.0,8700.0,8297.794921875,71716700
2023-02-06,8750.0,8750.0,8650.0,8725.0,8321.638671875,117757700
2023-02-07,8775.0,8850.0,8750.0,8850.0,8440.8603515625,116014700
2023-02-08,8825.0,8850.0,8800.0,8825.0,8417.015625,54495500
2023-02-09,8825.0,8900.0,8800.0,8900.0,8488.5478515625,72381700
2023-02-10,8875.0,8900.0,8700.0,8825.0,8417.015625,62060900
2023-02-13,8875.0,8900.0,8775.0,8875.0,8464.7041015625,63775000
2023-02-14,8850.0,8950.0,8825.0,8950.0,8536.236328125,81678200
2023-02-15,8875.0,8900.0,8750.0,8875.0,8464.7041015625,38037000
2023-02-16,8825.0,8850.0,8700.0,8700.0,8297.794921875,66040400
2023-02-17,8775.0,8850.0,8725.0,8725.0,8321.638671875,43588900
2023-02-20,8725.0,8825.0,8700.0,8750.0,8345.482421875,40077000
2023-02-21,8775.0,8800.0,8700.0,8700.0,8297.794921875,25390500
2023-02-22,8700.0,8750.0,8625.0,8675.0,8273.9501953125,38671900
2023-02-23,8625.0,8750.0,8625.0,8725.0,8321.638671875,53412300
2023-02-24,8775.0,8850.0,8675.0,8675.0,8273.9501953125,44123400
2023-02-27,8675.0,8775.0,8650.0,8775.0,8369.3271484375,59983900
2023-02-28,8775.0,8775.0,8675.0,8750.0,8345.482421875,106349400
2023-03-01,8725.0,8750.0,8600.0,8600.0,8202.41796875,67034700
2023-03-02,8600.0,8700.0,8600.0,8625.0,8226.26171875,56672000
2023-03-03,8650.0,8675.0,8475.0,8475.0,8083.1962890625,95376900
2023-03-06,8550.0,8550.0,8400.0,8400.0,8011.66357421875,92652000
2023-03-07,8350.0,8475.0,8350.0,8425.0,8035.5078125,106115600
2023-03-08,8400.0,8575.0,8400.0,8575.0,8178.5732421875,79350900
2023-03-09,8650.0,8650.0,8550.0,8575.0,8178.5732421875,54201400
2023-03-10,8500.0,8550.0,8450.0,8450.0,8059.35205078125,59580100
2023-03-13,8450.0,8625.0,8450.0,8550.0,8154.7294921875,82077700
2023-03-14,8425.0,8475.0,8325.0,8325.0,7940.13037109375,90495300
2023-03-15,8450.0,8475.0,8325.0,8325.0,7940.13037109375,86747400
2023-03-16,8300.0,8350.0,8250.0,8300.0,7916.28662109375,105894000
2023-03-17,8375.0,8450.0,8325.0,8375.0,7987.81884765625,198558600
2023-03-20,8400.0,8475.0,8375.0,8400.0,8011.66357421875,37277900
2023-03-21,8400.0,8500.0,8375.0,8500.0,8107.0400390625,91617400
2023-03-24,8700.0,8825.0,8625.0,8825.0,8417.015625,145603600
2023-03-27,8825.0,8825.0,8700.0,8700.0,8297.794921875,110692800
2023-03-28,8800.0,8800.0,8675.0,8675.0,8273.9501953125,98296600
2023-03-29,8675.0,8800.0,8625.0,8800.0,8560.9365234375,101068200
2023-03-30,8900.0,8900.0,8800.0,8825.0,8585.2568359375,118912100
2023-03-31,8825.0,8850.0,8725.0,8750.0,8512.2939453125,97146900
2023-04-03,8825.0,8825.0,8750.0,8800.0,8560.9365234375,60288900
2023-04-04,8825.0,8825.0,8650.0,8775.0,8536.6142578125,60975800
2023-04-05,8775.0,8800.0,8725.0,8725.0,8487.97265625,36922100
2023-04-06,8700.0,8775.0,8700.0,8750.0,8512.2939453125,45489400
2023-04-10,8725.0,8800.0,8700.0,8800.0,8560.9365234375,32996000
2023-04-11,8825.0,8825.0,8750.0,8825.0,8585.2568359375,44554300
2023-04-12,8900.0,8900.0,8825.0,8900.0,8658.21875,91903600
2023-04-13,8950.0,8950.0,8875.0,8925.0,8682.5400390625,51726500
2023-04-14,9000.0,9000.0,8950.0,9000.0,8755.501953125,110354200
2023-04-17,9025.0,9050.0,8900.0,9025.0,8779.8232421875,83946900
2023-04-18,9050.0,9175.0,9025.0,9125.0,8877.1064453125,91178700
2023-04-26,9125.0,9200.0,9000.0,9200.0,8950.0693359375,186928200
2023-04-27,9100.0,9175.0,9075.0,9150.0,8901.427734375,54842400
2023-04-28,9100.0,9125.0,9050.0,9050.0,8804.14453125,145775300
2023-05-02,9100.0,9100.0,8900.0,9050.0,8804.14453125,83645900
2023-05-03,9050.0,9050.0,8875.0,8925.0,8682.5400390625,83728800
2023-05-04,8925.0,9025.0,8875.0,9000.0,8755.501953125,67565000
2023-05-05,9000.0,9050.0,8950.0,9000.0,8755.501953125,64815100
2023-05-08,9000.0,9075.0,8950.0,9000.0,8755.501953125,84754500
2023-05-09,8950.0,8975.0,8900.0,8925.0,8682.5400390625,40929600
2023-05-10,8925.0,8950.0,8900.0,8925.0,8682.5400390625,45322600
2023-05-11,8900.0,8900.0,8800.0,8825.0,8585.2568359375,81993900
2023-05-12,8750.0,8875.0,8725.0,8800.0,8560.9365234375,96525600
2023-05-15,8875.0,8875.0,8725.0,8775.0,8536.6142578125,64830300
2023-05-16,8800.0,8825.0,8700.0,8700.0,8463.65234375,49497000
2023-05-17,8775.0,8850.0,8750.0,8775.0,8536.6142578125,69996100
2023-05-19,8900.0,9000.0,8825.0,9000.0,8755.501953125,123592500
2023-05-22,9000.0,9075.0,8925.0,9000.0,8755.501953125,91000000
2023-05-23,9050.0,9150.0,9025.0,9125.0,8877.1064453125,102980500
2023-05-24,9200.0,9200.0,9025.0,9025.0,8779.8232421875,77392900
2023-05-25,9100.0,9150.0,9050.0,9050.0,8804.14453125,76325700
2023-05-26,9175.0,9200.0,9100.0,9150.0,8901.427734375,55675900
2023-05-29,9250.0,9250.0,9075.0,9150.0,8901.427734375,79148200
2023-05-30,9200.0,9325.0,9150.0,9250.0,8998.7099609375,97189500
2023-05-31,9300.0,9325.0,9050.0,9050.0,8804.14453125,722827900
2023-06-05,9150.0,9325.0,9100.0,9200.0,8950.0693359375,163535600
2023-06-06,9050.0,9200.0,9050.0,9150.0,8901.427734375,74872200
2023-06-07,9125.0,9175.0,9075.0,9100.0,8852.7861328125,87492200
2023-06-08,9075.0,9125.0,9075.0,9125.0,8877.1064453125,53188400
2023-06-09,9175.0,9175.0,9100.0,9100.0,8852.7861328125,44632400
2023-06-12,9150.0,9150.0,9100.0,9150.0,8901.427734375,38082300
2023-06-13,9175.0,9175.0,9100.0,9150.0,8901.427734375,45552600
2023-06-14,9100.0,9125.0,9050.0,9075.0,8828.46484375,72223700
2023-06-15,9100.0,9100.0,9050.0,9050.0,8804.14453125,59073000
2023-06-16,9100.0,9100.0,8975.0,9050.0,8804.14453125,112769400
2023-06-19,9000.0,9050.0,9000.0,9000.0,8755.501953125,32330600
2023-06-20,9025.0,9050.0,8950.0,9050.0,8804.14453125,54990100
2023-06-21,9050.0,9125.0,9000.0,9125.0,8877.1064453125,42676300
2023-06-22,9125.0,9150.0,9050.0,9050.0,8804.14453125,48291100
2023-06-23,9025.0,9150.0,9025.0,9050.0,8804.14453125,47813500
2023-06-26,9025.0,9125.0,9025.0,9075.0,8828.46484375,36389900
2023-06-27,9050.0,9150.0,9050.0,9150.0,8901.427734375,36225100
2023-07-03,9025.0,9075.0,9025.0,9075.0,8828.46484375,108855900
2023-07-04,9150.0,9150.0,9050.0,9050.0,8804.14453125,35049300
2023-07-05,9050.0,9075.0,9025.0,9050.0,8804.14453125,44609200
2023-07-06,9050.0,9100.0,9025.0,9075.0,8828.46484375,52532400
2023-07-07,9025.0,9100.0,9025.0,9025.0,8779.8232421875,37641300
2023-07-10,9100.0,9100.0,9050.0,9050.0,8804.14453125,28981500
2023-07-11,9100.0,9100.0,9025.0,9025.0,8779.8232421875,43703500
2023-07-12,9075.0,9175.0,9050.0,9175.0,8925.748046875,61566500
2023-07-13,9200.0,9225.0,9125.0,9125.0,8877.1064453125,65230900
2023-07-14,9175.0,9200.0,9125.0,9200.0,8950.0693359375,55554500
2023-07-17,9200.0,9250.0,9175.0,9175.0,8925.748046875,62550100
2023-07-18,9200.0,9250.0,9100.0,9150.0,8901.427734375,52924600
2023-07-20,9200.0,9225.0,9125.0,9150.0,8901.427734375,83476600
2023-07-21,9150.0,9175.0,9125.0,9150.0,8901.427734375,42667800
2023-07-24,9200.0,9200.0,9100.0,9100.0,8852.7861328125,62061200
2023-07-25,9175.0,9300.0,9150.0,9150.0,8901.427734375,122802700
2023-07-26,9175.0,9350.0,9125.0,9350.0,9095.994140625,113868700
2023-07-27,9400.0,9400.0,9225.0,9225.0,8974.3896484375,77848400
2023-07-28,9200.0,9225.0,9125.0,9125.0,8877.1064453125,74510200
2023-07-31,9175.0,9200.0,9100.0,9125.0,8877.1064453125,80868000
2023-08-01,9175.0,9175.0,9100.0,9125.0,8877.1064453125,49756400
2023-08-02,9125.0,9200.0,9125.0,9200.0,8950.0693359375,60629900
2023-08-03,9150.0,9300.0,9150.0,9250.0,8998.7099609375,64596100
2023-08-04,9250.0,9275.0,9125.0,9150.0,8901.427734375,52675900
2023-08-07,9150.0,9275.0,9150.0,9275.0,9023.0322265625,55589300
2023-08-08,9275.0,9300.0,9200.0,9200.0,8950.0693359375,43373400
2023-08-09,9275.0,9400.0,9250.0,9400.0,9144.6357421875,77056800
2023-08-10,9400.0,9425.0,9350.0,9400.0,9144.6357421875,76738100
2023-08-11,9425.0,9450.0,9375.0,9400.0,9144.6357421875,68898600
2023-08-14,9325.0,9350.0,9225.0,9350.0,9095.994140625,75495400
2023-08-15,9325.0,9375.0,9300.0,9300.0,9047.3525390625,59303700
2023-08-16,9275.0,9325.0,9250.0,9300.0,9047.3525390625,53440000
2023-08-18,9250.0,9350.0,9250.0,9250.0,8998.7099609375,79328900
2023-08-21,9225.0,9250.0,9175.0,9175.0,8925.748046875,73573000
2023-08-22,9150.0,9325.0,9150.0,9300.0,9047.3525390625,65664600
2023-08-23,9300.0,9325.0,9275.0,9300.0,9047.3525390625,63749800
2023-08-24,9250.0,9325.0,9200.0,9200.0,8950.0693359375,53725900
2023-08-25,9200.0,9275.0,9175.0,9275.0,9023.0322265625,50379000
2023-08-28,9250.0,9250.0,9200.0,9200.0,8950.0693359375,44423100
2023-08-29,9275.0,9300.0,9200.0,9250.0,8998.7099609375,45428500
2023-08-30,9300.0,9300.0,9200.0,9200.0,8950.0693359375,56227000
2023-08-31,9200.0,9225.0,9100.0,9175.0,8925.748046875,136107200
2023-09-01,9200.0,9275.0,9175.0,9225.0,8974.3896484375,42152700
2023-09-04,9225.0,9275.0,9175.0,9225.0,8974.3896484375,40610600
2023-09-05,9250.0,9250.0,9200.0,9225.0,8974.3896484375,42007200
2023-09-06,9200.0,9250.0,9150.0,9150.0,8901.427734375,49318400
2023-09-07,9125.0,9175.0,9100.0,9175.0,8925.748046875,61405200
2023-09-08,9100.0,9150.0,9050.0,9125.0,8877.1064453125,80732300
2023-09-11,9075.0,9125.0,9075.0,9125.0,8877.1064453125,53155900
2023-09-12,9100.0,9125.0,9075.0,9100.0,8852.7861328125,66479000
2023-09-13,9050.0,9075.0,9000.0,9075.0,8828.46484375,69490200
2023-09-14,9000.0,9125.0,9000.0,9100.0,8852.7861328125,112757900
2023-09-15,9050.0,9100.0,9000.0,9000.0,8755.501953125,121005300
2023-09-18,9050.0,9075.0,9000.0,9000.0,8755.501953125,34272200
2023-09-19,9000.0,9075.0,8975.0,9075.0,8828.46484375,33325800
2023-09-20,9125.0,9175.0,9075.0,9150.0,8901.427734375,54305500
2023-09-21,9125.0,9150.0,9075.0,9125.0,8877.1064453125,40607000
2023-09-22,9125.0,9150.0,9075.0,9075.0,8828.46484375,42445300
2023-09-25,9075.0,9075.0,9000.0,9000.0,8755.501953125,56132200
2023-09-26,9000.0,9025.0,8950.0,8950.0,8706.8603515625,73544700
2023-09-27,8900.0,9000.0,8875.0,8875.0,8633.8984375,84345000
2023-09-29,8825.0,8900.0,8825.0,8825.0,8585.2568359375,118960000
2023-10-02,8900.0,9100.0,8875.0,9075.0,8828.46484375,93663000
2023-10-03,9075.0,9200.0,9025.0,9200.0,8950.0693359375,98380200
2023-10-04,9200.0,9250.0,9125.0,9200.0,8950.0693359375,112582800
2023-10-05,9200.0,9200.0,9075.0,9075.0,8828.46484375,72855700
2023-10-06,9100.0,9100.0,9025.0,9025.0,8779.8232421875,53344400
2023-10-09,9025.0,9125.0,9025.0,9050.0,8804.14453125,43774500
2023-10-10,9000.0,9000.0,8925.0,8925.0,8682.5400390625,71966100
2023-10-11,8925.0,9025.0,8925.0,8925.0,8682.5400390625,84305800
2023-10-12,9000.0,9100.0,9000.0,9050.0,8804.14453125,71064500
2023-10-13,9100.0,9125.0,9025.0,9075.0,8828.46484375,62941800
2023-10-16,9125.0,9125.0,9050.0,9100.0,8852.7861328125,29429200
2023-10-17,9050.0,9075.0,8950.0,8950.0,8706.8603515625,59606000
2023-10-18,8925.0,8950.0,8850.0,8850.0,8609.5771484375,50919200
2023-10-19,8825.0,8850.0,8750.0,8750.0,8512.2939453125,89509700
2023-10-20,8725.0,9025.0,8725.0,8975.0,8731.181640625,64554500
2023-10-23,8875.0,8925.0,8850.0,8850.0,8609.5771484375,50633500
2023-10-24,8775.0,8875.0,8775.0,8775.0,8536.6142578125,76963200
2023-10-25,8825.0,8925.0,8825.0,8875.0,8633.8984375,54748400
2023-10-26,8925.0,8950.0,8725.0,8725.0,8487.97265625,63199400
2023-10-27,8725.0,8800.0,8700.0,8700.0,8463.65234375,52450700
2023-10-30,8700.0,8850.0,8700.0,8850.0,8609.5771484375,51958200
2023-10-31,8800.0,8825.0,8725.0,8750.0,8512.2939453125,64907600
2023-11-01,8750.0,8775.0,8600.0,8600.0,8366.369140625,67027600
2023-11-02,8725.0,8900.0,8725.0,8850.0,8609.5771484375,56050900
2023-11-03,8925.0,8950.0,8850.0,8900.0,8658.21875,60414100
2023-11-06,8975.0,9050.0,8950.0,9050.0,8804.14453125,84994200
2023-11-07,9000.0,9025.0,8900.0,8975.0,8731.181640625,60648200
2023-11-08,8950.0,9000.0,8900.0,9000.0,8755.501953125,31829300
2023-11-09,8900.0,9050.0,8900.0,9000.0,8755.501953125,46076800
2023-11-10,8950.0,9000.0,8825.0,8825.0,8585.2568359375,50754600
2023-11-13,8875.0,8925.0,8850.0,8875.0,8633.8984375,20827700
2023-11-14,8900.0,8950.0,8875.0,8925.0,8682.5400390625,37195700
2023-11-15,8975.0,9050.0,8950.0,9050.0,8804.14453125,84977900
2023-11-16,9050.0,9075.0,8950.0,9075.0,8828.46484375,48714300
2023-11-17,9025.0,9075.0,8975.0,9075.0,8828.46484375,57050500
2023-11-20,8975.0,9025.0,8875.0,8875.0,8633.8984375,49216000
2023-11-21,8825.0,8900.0,8775.0,8775.0,8536.6142578125,107614800
2023-11-22,8775.0,8875.0,8775.0,8875.0,8633.8984375,40364800
2023-11-23,8850.0,8975.0,8850.0,8925.0,8682.5400390625,55542100
2023-11-24,8925.0,8975.0,8900.0,8925.0,8682.5400390625,43631900
2023-11-27,8900.0,8950.0,8875.0,8875.0,8633.8984375,35679000
2023-11-28,8875.0,8950.0,8850.0,8875.0,8633.8984375,69070600
2023-11-29,8900.0,8950.0,8900.0,8900.0,8658.21875,54715600
2023-11-30,8925.0,8975.0,8900.0,8975.0,8731.181640625,205312100
2023-12-01,8925.0,8975.0,8900.0,8950.0,8706.8603515625,80566400
2023-12-04,8950.0,9025.0,8925.0,8925.0,8723.966796875,54747400
2023-12-05,8950.0,8950.0,8825.0,8900.0,8699.529296875,94363900
2023-12-06,8850.0,8950.0,8800.0,8800.0,8601.7822265625,81852800
2023-12-07,8750.0,8825.0,8725.0,8825.0,8626.21875,91322500
2023-12-08,8800.0,8850.0,8750.0,8750.0,8552.908203125,43891600
2023-12-11,8675.0,8775.0,8675.0,8750.0,8552.908203125,78642800
2023-12-12,8700.0,8750.0,8700.0,8700.0,8504.0341796875,87589300
2023-12-13,8700.0,8750.0,8675.0,8675.0,8479.59765625,51560500
2023-12-14,8775.0,9050.0,8750.0,9050.0,8846.150390625,115332800
2023-12-15,9125.0,9225.0,9075.0,9225.0,9017.208984375,275013500
2023-12-18,9200.0,9225.0,9150.0,9200.0,8992.7724609375,111712200
2023-12-19,9125.0,9250.0,9125.0,9250.0,9041.6455078125,65174500
2023-12-20,9250.0,9300.0,9225.0,9300.0,9090.51953125,72938100
2023-12-21,9300.0,9325.0,9250.0,9325.0,9114.9560546875,88116700
2023-12-22,9275.0,9350.0,9275.0,9325.0,9114.9560546875,64449600
2023-12-27,9375.0,9400.0,9325.0,9375.0,9163.830078125,64464700
2023-12-28,9325.0,9425.0,9325.0,9400.0,9188.267578125,70184600
2023-12-29,9425.0,9450.0,9350.0,9400.0,9188.267578125,79903400
2024-01-02,9400.0,9425.0,9350.0,9425.0,9212.7041015625,30545200
2024-01-03,9425.0,9425.0,9325.0,9350.0,9139.3935546875,34603300
2024-01-04,9400.0,9475.0,9375.0,9475.0,9261.578125,56501800
2024-01-05,9500.0,9600.0,9475.0,9575.0,9359.3251953125,85290100
2024-01-08,9600.0,9625.0,9475.0,9575.0,9359.3251953125,50896000
2024-01-09,9600.0,9625.0,9575.0,9625.0,9408.19921875,59848600
2024-01-10,9650.0,9650.0,9550.0,9550.0,9334.888671875,52774900
2024-01-11,9625.0,9650.0,9575.0,9575.0,9359.3251953125,39381500
2024-01-12,9650.0,9700.0,9600.0,9700.0,9481.509765625,68253400
2024-01-15,9750.0,9750.0,9650.0,9725.0,9505.9462890625,88399500
2024-01-16,9700.0,9750.0,9675.0,9700.0,9481.509765625,44869200
2024-01-17,9750.0,9750.0,9650.0,9750.0,9530.3837890625,107706100
2024-01-18,9675.0,9750.0,9625.0,9675.0,9457.0732421875,71048900
2024-01-19,9775.0,9775.0,9600.0,9625.0,9408.19921875,63176500
2024-01-22,9600.0,9650.0,9525.0,9625.0,9408.19921875,52868300
2024-01-23,9450.0,9600.0,9450.0,9600.0,9383.76171875,92348600
2024-01-24,9600.0,9600.0,9475.0,9525.0,9310.451171875,84906000
2024-01-25,9450.0,9575.0,9450.0,9500.0,9286.0146484375,63212700
2024-01-26,9400.0,9450.0,9300.0,9350.0,9139.3935546875,78977300
2024-01-29,9400.0,9550.0,9375.0,9550.0,9334.888671875,73452800
2024-01-30,9500.0,9650.0,9475.0,9650.0,9432.6357421875,73136400
2024-01-31,9700.0,9700.0,9550.0,9550.0,9334.888671875,102581200
2024-02-01,9650.0,9725.0,9575.0,9700.0,9481.509765625,104208700
2024-02-02,9775.0,9800.0,9625.0,9700.0,9481.509765625,99324000
2024-02-05,9675.0,9675.0,9525.0,9575.0,9359.3251953125,57983300
2024-02-06,9750.0,9750.0,9625.0,9625.0,9408.19921875,87651000
2024-02-07,9700.0,9725.0,9650.0,9700.0,9481.509765625,92953500
2024-02-12,9750.0,9800.0,9700.0,9800.0,9579.2568359375,87949400
2024-02-13,9750.0,9800.0,9700.0,9725.0,9505.9462890625,66072400
2024-02-15,9950.0,9975.0,9850.0,9850.0,9628.130859375,164748900
2024-02-16,9975.0,10000.0,9875.0,9950.0,9725.87890625,142277200
2024-02-19,9900.0,9975.0,9825.0,9875.0,9652.5673828125,53341300
2024-02-20,9850.0,10025.0,9850.0,10025.0,9799.189453125,63997700
2024-02-21,9950.0,10000.0,9850.0,9975.0,9750.3154296875,75371600
2024-02-22,9975.0,9975.0,9875.0,9875.0,9652.5673828125,66913000
2024-02-23,9900.0,9925.0,9800.0,9825.0,9603.6943359375,55192300
2024-02-26,9750.0,9875.0,9725.0,9800.0,9579.2568359375,41356000
2024-02-27,9750.0,9900.0,9750.0,9875.0,9652.5673828125,43735800
2024-02-28,9975.0,10000.0,9900.0,10000.0,9774.751953125,54043100
2024-02-29,10000.0,10000.0,9850.0,9875.0,9652.5673828125,126671200
2024-03-01,9900.0,9925.0,9800.0,9825.0,9603.6943359375,51520600
2024-03-04,9800.0,9825.0,9750.0,9750.0,9530.3837890625,43822900
2024-03-05,9900.0,9900.0,9775.0,9800.0,9579.2568359375,61952900
2024-03-06,9900.0,10000.0,9775.0,9950.0,9725.87890625,70242200
2024-03-07,10050.0,10175.0,10000.0,10125.0,9896.9365234375,118369300
2024-03-08,10250.0,10300.0,10125.0,10150.0,9921.3740234375,100947200
2024-03-13,10400.0,10400.0,10000.0,10000.0,9774.751953125,141622600
2024-03-14,10050.0,10325.0,10025.0,10325.0,10092.431640625,110681100
2024-03-15,10200.0,10300.0,10050.0,10150.0,9921.3740234375,154176800
2024-03-18,10175.0,10275.0,10150.0,10150.0,9921.3740234375,62444100
2024-03-19,10150.0,10250.0,10150.0,10175.0,9945.810546875,55004800
2024-03-20,10100.0,10150.0,10075.0,10125.0,9896.9365234375,66269700
2024-03-21,10175.0,10225.0,10050.0,10125.0,9896.9365234375,90279400
2024-03-22,10000.0,10125.0,9950.0,10100.0,9872.5,91968200
2024-03-25,10075.0,10075.0,9925.0,10075.0,10075.0,66971000
2024-03-26,10050.0,10050.0,9950.0,10050.0,10050.0,65742700
2024-03-27,10025.0,10075.0,10000.0,10075.0,10075.0,39514100
2024-03-28,10025.0,10100.0,9975.0,10075.0,10075.0,79229700
2024-04-01,10075.0,10100.0,9825.0,9850.0,9850.0,79248700
2024-04-02,9925.0,9950.0,9800.0,9900.0,9900.0,76763100
2024-04-03,9750.0,9800.0,9525.0,9525.0,9525.0,177418400
2024-04-04,9575.0,9850.0,9575.0,9850.0,9850.0,75993500
2024-04-05,9950.0,9950.0,9825.0,9825.0,9825.0,70428600
2024-04-16,9350.0,9575.0,9250.0,9475.0,9475.0,283265900
2024-04-17,9550.0,9675.0,9525.0,9525.0,9525.0,95620700
2024-04-18,9525.0,9575.0,9450.0,9475.0,9475.0,127134000
2024-04-19,9350.0,9500.0,9300.0,9475.0,9475.0,147784300
2024-04-22,9400.0,9425.0,9350.0,9350.0,9350.0,128908000
2024-04-23,9400.0,9775.0,9400.0,9725.0,9725.0,178833000
2024-04-24,9825.0,9950.0,9750.0,9950.0,9950.0,132832700
2024-04-25,10000.0,10000.0,9700.0,9775.0,9775.0,104874100
2024-04-26,9700.0,9825.0,9625.0,9625.0,9625.0,100932900
2024-04-29,9525.0,9850.0,9525.0,9800.0,9800.0,90063500
2024-04-30,10050.0,10050.0,9800.0,9800.0,9800.0,109623000
2024-05-02,9900.0,9900.0,9500.0,9550.0,9550.0,97079400
2024-05-03,9750.0,9850.0,9675.0,9850.0,9850.0,81200400
2024-05-06,9850.0,9875.0,9775.0,9800.0,9800.0,53076200
2024-05-07,9700.0,9750.0,9625.0,9700.0,9700.0,66746800
2024-05-08,9600.0,9700.0,9375.0,9375.0,9375.0,112808900
2024-05-13,9200.0,9525.0,9200.0,9525.0,9525.0,145469900
2024-05-14,9625.0,9675.0,9525.0,9550.0,9550.0,95363500
2024-05-15,9500.0,9600.0,9425.0,9500.0,9500.0,54741900
2024-05-16,9575.0,9675.0,9525.0,9600.0,9600.0,61126000
2024-05-17,9600.0,9850.0,9575.0,9750.0,9750.0,99848500
2024-05-20,9700.0,9800.0,9475.0,9475.0,9475.0,87890100
2024-05-21,9450.0,9575.0,9375.0,9375.0,9375.0,75311400
2024-05-22,9475.0,9575.0,9325.0,9425.0,9425.0,121712700
2024-05-27,9300.0,9375.0,9275.0,9300.0,9300.0,128578500
2024-05-28,9300.0,9400.0,9300.0,9300.0,9300.0,73945700
2024-05-29,9275.0,9325.0,9150.0,9150.0,9150.0,117351600
2024-05-30,9000.0,9250.0,8775.0,9000.0,9000.0,207115100
2024-05-31,9100.0,9250.0,9025.0,9250.0,9250.0,756431600
2024-06-03,9350.0,9350.0,9225.0,9275.0,9275.0,72197700
2024-06-04,9525.0,9525.0,9350.0,9350.0,9350.0,75353100
2024-06-05,9500.0,9500.0,9300.0,9450.0,9450.0,82087300
2024-06-06,9525.0,9525.0,9450.0,9475.0,9475.0,44991300
2024-06-07,9500.0,9500.0,9325.0,9325.0,9325.0,51599800
2024-06-10,9500.0,9525.0,9450.0,9525.0,9525.0,45584700
2024-06-11,9550.0,9550.0,9300.0,9300.0,9300.0,68690900
2024-06-12,9300.0,9325.0,9250.0,9250.0,9250.0,49785700
2024-06-13,9475.0,9475.0,9200.0,9200.0,9200.0,84652200
2024-06-14,9200.0,9250.0,9100.0,9200.0,9200.0,52986300
2024-06-19,9250.0,9250.0,9050.0,9050.0,9050.0,100051000
2024-06-20,9150.0,9425.0,9100.0,9425.0,9425.0,81474800
2024-06-21,9475.0,9675.0,9400.0,9600.0,9600.0,166841200
2024-06-24,9600.0,9750.0,9575.0,9600.0,9600.0,79592300
2024-06-25,9600.0,9600.0,9450.0,9600.0,9600.0,80029000
2024-06-26,9525.0,9650.0,9450.0,9500.0,9500.0,77913200
2024-06-27,9575.0,9750.0,9550.0,9750.0,9750.0,89150700
2024-06-28,9800.0,9975.0,9775.0,9925.0,9925.0,166172300
2024-07-01,9850.0,9900.0,9825.0,9875.0,9875.0,68634600
2024-07-02,10000.0,10000.0,9850.0,9900.0,9900.0,78848500
2024-07-03,9975.0,10000.0,9925.0,10000.0,10000.0,55860200
2024-07-04,9975.0,10000.0,9825.0,9825.0,9825.0,67054000
2024-07-05,9925.0,9975.0,9875.0,9950.0,9950.0,36946900
2024-07-08,10000.0,10050.0,9950.0,10050.0,10050.0,72903600
2024-07-09,10100.0,10150.0,10075.0,10075.0,10075.0,61853200
2024-07-10,10175.0,10225.0,10050.0,10100.0,10100.0,62325900
2024-07-11,10000.0,10125.0,10000.0,10075.0,10075.0,55908400
2024-07-12,10050.0,10100.0,10025.0,10075.0,10075.0,62646500
2024-07-15,10050.0,10075.0,9950.0,10050.0,10050.0,36682600
2024-07-16,9975.0,10025.0,9950.0,9950.0,9950.0,37192700
2024-07-17,9900.0,9950.0,9800.0,9800.0,9800.0,90666000
2024-07-18,9800.0,10100.0,9800.0,10100.0,10100.0,65383200
2024-07-19,10050.0,10125.0,9975.0,10125.0,10125.0,53880300
2024-07-22,10125.0,10150.0,10100.0,10100.0,10100.0,31285300
2024-07-23,10200.0,10200.0,10125.0,10175.0,10175.0,39321100
2024-07-24,10125.0,10175.0,10075.0,10075.0,10075.0,24658000
2024-07-25,10225.0,10300.0,10200.0,10300.0,10300.0,98088100
2024-07-26,10375.0,10400.0,10300.0,10325.0,10325.0,75565800
2024-07-29,10400.0,10425.0,10175.0,10250.0,10250.0,69092500
2024-07-30,10300.0,10300.0,10175.0,10175.0,10175.0,32122900
2024-07-31,10350.0,10350.0,10225.0,10275.0,10275.0,82519900
2024-08-01,10200.0,10375.0,10200.0,10375.0,10375.0,61176200
2024-08-02,10275.0,10350.0,10200.0,10200.0,10200.0,55699900
2024-08-05,10000.0,10150.0,9875.0,9875.0,9875.0,126328300
2024-08-06,10075.0,10075.0,9950.0,10000.0,10000.0,78473900
2024-08-07,10000.0,10100.0,10000.0,10100.0,10100.0,52327400
2024-08-08,10150.0,10225.0,10075.0,10225.0,10225.0,54162100
2024-08-09,10225.0,10250.0,10100.0,10150.0,10150.0,47062400
2024-08-12,10100.0,10200.0,10075.0,10200.0,10200.0,40364100
2024-08-13,10250.0,10300.0,10175.0,10300.0,10300.0,55207100
2024-08-14,10300.0,10300.0,10200.0,10200.0,10200.0,47999100
2024-08-15,10200.0,10300.0,10175.0,10225.0,10225.0,33396600
2024-08-16,10300.0,10325.0,10250.0,10325.0,10325.0,40731400
2024-08-19,10325.0,10425.0,10275.0,10375.0,10375.0,51054400
2024-08-20,10325.0,10450.0,10300.0,10425.0,10425.0,60304400
2024-08-21,10500.0,10500.0,10425.0,10425.0,10425.0,84848800
2024-08-22,10350.0,10400.0,10225.0,10325.0,10325.0,56611600
2024-08-23,10325.0,10375.0,10300.0,10325.0,10325.0,46651600
2024-08-26,10275.0,10375.0,10250.0,10325.0,10325.0,35145600
2024-08-27,10275.0,10300.0,10175.0,10200.0,10200.0,60448400
2024-08-28,10300.0,10350.0,10250.0,10350.0,10350.0,38489900
2024-08-29,10500.0,10500.0,10225.0,10225.0,10225.0,53004700
2024-08-30,10325.0,10325.0,10200.0,10325.0,10325.0,158403700
2024-09-02,10375.0,10375.0,10200.0,10275.0,10275.0,72008600
2024-09-03,10325.0,10325.0,10150.0,10175.0,10175.0,50950200
2024-09-04,10150.0,10300.0,10125.0,10300.0,10300.0,44817000
2024-09-05,10350.0,10350.0,10250.0,10250.0,10250.0,39332900
2024-09-06,10225.0,10300.0,10225.0,10300.0,10300.0,31541800
2024-09-09,10300.0,10350.0,10200.0,10275.0,10275.0,36185100
2024-09-10,10350.0,10350.0,10275.0,10350.0,10350.0,55093100
2024-09-11,10425.0,10425.0,10350.0,10425.0,10425.0,64621300
2024-09-12,10450.0,10500.0,10375.0,10475.0,10475.0,70759100
2024-09-13,10400.0,10425.0,10325.0,10425.0,10425.0,70057100
2024-09-17,10450.0,10500.0,10350.0,10500.0,10500.0,89745000
2024-09-18,10500.0,10625.0,10450.0,10625.0,10625.0,65420200
2024-09-19,10700.0,10900.0,10650.0,10900.0,10900.0,140886600
2024-09-20,10900.0,10900.0,10775.0,10775.0,10775.0,142194600
2024-09-23,10725.0,10950.0,10725.0,10950.0,10950.0,72553800
2024-09-24,10775.0,10950.0,10775.0,10800.0,10800.0,105191100
2024-09-25,10675.0,10850.0,10525.0,10850.0,10850.0,158369100
2024-09-26,10875.0,10875.0,10675.0,10700.0,10700.0,84960100
2024-09-27,10500.0,10750.0,10400.0,10650.0,10650.0,93027400
2024-09-30,10475.0,10550.0,10325.0,10325.0,10325.0,144692100
2024-10-01,10400.0,10550.0,10375.0,10550.0,10550.0,59797700
2024-10-02,10325.0,10550.0,10325.0,10500.0,10500.0,86746200
2024-10-03,10450.0,10525.0,10400.0,10450.0,10450.0,60887000
2024-10-04,10400.0,10475.0,10350.0,10475.0,10475.0,58500400
2024-10-07,10350.0,10375.0,10250.0,10300.0,10300.0,91867900
2024-10-08,10200.0,10500.0,10150.0,10400.0,10400.0,99622900
2024-10-09,10400.0,10525.0,10400.0,10425.0,10425.0,56835200
